{"uid":1070502,"dkey":"726088c5c814b6df8951a4b8bac32ca9","updated_at":1703945837,"version":"11.5.164","site_data_url_template":"https://script.crazyegg.com/pages/data-scripts/0107/0502/site/SITENAME.json","hud":{"host":"https://hud.crazyegg.com","script_url":"https://script.crazyegg.com/scripts/hud","core_api_auth_key":"1c4c45bbcab4e66fcabb425e1fc8204279146336f096ad3ab5af60bbb710d900","launch_origins":["https://core.crazyegg.com"]},"survey_preview_dest":"https://api.crazyegg.com/surveys/preview","survey_launch_origins":["https://app.crazyegg.com","https://core.crazyegg.com"],"addon_preview_dest":"https://api.crazyegg.com/surveys/preview","addon_launch_origins":["https://app.crazyegg.com","https://core.crazyegg.com"],"ce_app_url":"https://app.crazyegg.com","clock_url":"https://tracking.crazyegg.com/clock","common_script_url":"https://script.crazyegg.com/pages/versioned/common-scripts/8ba07dcc278cb95cb008c6e507593ee9.js","status":"ok","counters_dest":"https://tracking.crazyegg.com/metrics","data_url":"https://script.crazyegg.com/pages/data-scripts/0107/0502/site/ninewest.com.json","sampling_data_url":"https://script.crazyegg.com/pages/data-scripts/0107/0502/sampling/ninewest.com.json","tracking_script_url":"https://script.crazyegg.com/pages/versioned/tracking-scripts/781bc412f56e01faa636bd8b5d50f169.js","trackingpagestate_script_url":"https://script.crazyegg.com/pages/versioned/trackingpagestate-scripts/d9b6b28e3d84db3e4c966a5cf73af402.js","thirdparty_script_url":"https://script.crazyegg.com/pages/versioned/thirdparty-scripts/e6e66928c3ae3f7da5bec831f77b7a6b.js","sites":"%8&4!}%|%]!}$<$4$9$;$7$6$;$,!}&%%?&$%^!}$<!}&%%|&%%^&0%^&+&,$.%[&&&$!}$,!}&+%^&+&+%|&&&%%.%^%[&&&*%]%|&%%`!}$<&,&*&-%^$,!}&*%^%[&&&*%]%|&%%`%0%^&,&,%|&%%`&+!}$<&4!}&(%?%`%^%1%?&*%`%^&,%|&%%`$|&%%?%@&!%^%]!}$<%_%?&!&+%^$,!}&(%?%`%^%1%?&*%`%^&,%|&%%`%2&*&!&+!}$<%8%;$,!}&*&-&!%^&+!}$<%8%;$,!}&$%?&+%~$|&!%^&$%^&%&,&+!}$<&%&-&!&!$,!}&+%?&$&(&!%|&%%`%0&,&*%?&,%^%`&2!}$<!}&-&%%|%_&&&*&$!}$,!}&+%?&$&(&!%|&%%`%*&-&$%.%^%[&&&*%]%|&%%`&+!}$<&%&-&!&!$,!}&+%?&$&(&!%|&%%`%0&,%?&*&,${%?&,%^!}$<&%&-&!&!$,!}&+%?&$&(&!%|&%%`%0&,%?&*&,${%?&,%^%2&%%|&1!}$<&%&-&!&!$,!}&+%?&$&(&!%|&%%`$|&%%]${%?&,%^!}$<&%&-&!&!$,!}&+%?&$&(&!%|&%%`$|&%%]${%?&,%^%2&%%|&1!}$<&%&-&!&!$,!}&+%?&$&(&!%|&%%`%2&(%]%?&,%^%]$^&,!}$<&%&-&!&!$,!}%^&%%]%0%^&+&+%|&&&%%+&%$_&!&&%[%~%^%]%2&*&!!}$<%_%?&!&+%^$,!}%@&!&&%[%~%^%]%2&*&!&+!}$<%8%;$,!}%@&!&&%[%~%^%]%.&-&!%^&+!}$<%8%;$,!}&(&*%^$`%?%[%{%^%$&$%?%`%^&+!}$<%_%?&!&+%^$,!}&*%^%[&&&*%]%$%_&*%?&$%^&+!}$<%_%?&!&+%^$,!}%{%|%]%^%$%_&*%?&$%^&+!}$<%_%?&!&+%^$,!}&+%?&$&(&!%|&%%`$`&&&$&(&!%^&,%^%]$^&,!}$<$2$8$1$2$4$7$2$6$7$1&6$,!}&*%^%[&&&*%]%|&%%`%=&*%?&,%|&&!}$<$2$9$4&6%;","global_ip_block_list":"","is_using_ip_blocking":false,"page_views_limit_reached":false,"v11_tracking_dest":"https://tracking.crazyegg.com/v11","recordings_dest":"https://recording.crazyegg.com","recordings_sampling_dest":"https://sample-api-v2.crazyegg.com","ratio_v2_dest":"https://sampling-ratio.crazyegg.com/ratio/v2","page_states_tracking_url":"https://pagestates-tracking.crazyegg.com","assets_tracking_url":"https://assets-tracking.crazyegg.com","disable_recordings_masking":false,"disable_recordings_email_masking":false,"disable_recordings_mobile":false,"recordings_number":5000,"recordings_activation":1626818088,"asset_collector_ignore":["bat.bing.com","www.facebook.com/tr","www.google.","www.google-analytics.","ssl.google-analytics.","www.googletagmanager.","googleads.g","googlesyndication.com","fonts.googleapis.com","allfont.net","adservice.google","sp.analytics.yahoo.","analytics.yahoo.com","heapanalytics.com","dev.visualwebsiteoptimizer.","b.6sc.co","hn.inspectlet.","d.adroll.","secure.adnxs.","match.adsrvr.","ads.travelaudience.","www.linkconnector.","px.ads.linkedin.","cdn.bizible.","ih.adscale.","rtb-csync.smartadserver.","x.bidswitch.net/sync","ad.doubleclick.","pixel.anyclip.com","tr.brand-display.com","d.adroll.com","mabping.chartbeat.net","ping.chartbeat.net","sb.scorecardresearch.com","cds.taboola.com","sync.richaudience.com","searchunify.com"],"features":[],"dnt":true,"auto_identity":false,"addons":[],"tracking_key":"1b706a9932406efba894f34dba4f8a78","explicit_agent":false}